The Kid LAROI; Justin Bieber - STAY (Official Video),https://www.youtube.com/watch?v=kTJczUoc26U
[MV] Lee Mujin(이무진) _ Traffic light(신호등),https://www.youtube.com/watch?v=SK6Sm2Ki9tI
aespa 에스파 'Next Level' MV,https://www.youtube.com/watch?v=4TWR90KJl84
[MSG워너비] M.O.M - 바라만 본다 음악중심 데뷔 무대! (Hangout with Yoo - MSG WANNABE),https://www.youtube.com/watch?v=-rM5JjNfPHA
[MV] 디핵 (D-Hack); PATEKO - OHAYO MY NIGHT / Official Music Video,https://www.youtube.com/watch?v=KCpWMEsiN3Q
TAEYEON 태연 'Weekend' MV,https://www.youtube.com/watch?v=RmuL-BPFi2Q
AKMU - '낙하 (NAKKA) (with IU)' OFFICIAL VIDEO,https://www.youtube.com/watch?v=EtiPbWzUY9o
BTS (방탄소년단) 'Permission to Dance' Official MV,https://www.youtube.com/watch?v=CuklIb9d3fI
[슬기로운 의사생활 시즌2 OST Part 5] 조정석 (CHO JUNG SEOK) - 좋아좋아 (I Like You) MV,https://www.youtube.com/watch?v=poiZpOXZXN8
Red Velvet 레드벨벳 'Queendom' MV,https://www.youtube.com/watch?v=c9RzZpV460k
BTS (방탄소년단) 'Butter' Official MV,https://www.youtube.com/watch?v=WMweEpGlu_U
SOMI (전소미) - 'DUMB DUMB' M/V,https://www.youtube.com/watch?v=tg2uF3R_Ozo
Justin Bieber - Peaches ft. Daniel Caesar; Giveon,https://www.youtube.com/watch?v=tQ0yjYUFKAE
헤이즈 (Heize) - '헤픈 우연 (HAPPEN)' MV (with 송중기),https://www.youtube.com/watch?v=AJPLgrfBiBo
Ed Sheeran - Bad Habits [Official Video],https://www.youtube.com/watch?v=orJSJGHjBLI
이무진 Lee Mujin - 가을 타나 봐 Fall in Fall Official M/V,https://www.youtube.com/watch?v=WHkQtNBCRQo
케이윌 - 시간을 거슬러 (낮에 뜨는 달 X 케이윌) 녹음실 Live,https://www.youtube.com/watch?v=udvA4NpixEk
[슬기로운 의사생활 시즌2 OST Part 1] 이무진 (Lee Mujin) - 비와 당신 (Rain and You) MV,https://www.youtube.com/watch?v=sCmcSBsTxQc
[MV] GyeongseoYeji; Jeon Gunho(경서예지) _ If you lovingly call my name(다정히 내 이름을 부르면),https://www.youtube.com/watch?v=YPvrhziJAno
BTS (방탄소년단) 'Dynamite' Official MV,https://www.youtube.com/watch?v=gdZLi9oWNZg
(MV)오마이걸(OH MY GIRL)_Dun Dun Dance,https://www.youtube.com/watch?v=HzOjwL7IP_o
[MV] 브레이브걸스 (Brave Girls) - 롤린 (Rollin') (Clean ver.),https://www.youtube.com/watch?v=3cZrxpK2EAQ
[MV] IU(아이유)_LILAC(라일락),https://www.youtube.com/watch?v=v7bnOxV4jAc
[MV] IU(아이유) _ Celebrity,https://www.youtube.com/watch?v=0-q1KafFCLU
STAYC(스테이씨) 'ASAP' MV,https://www.youtube.com/watch?v=NsY-9MCOIAQ
헤이즈 (Heize) - 비가 오는 날엔 (2021)(On Rainy Day) MV,https://www.youtube.com/watch?v=fOdML_XhHvQ
[슬기로운 의사생활 시즌2 OST Part 2] 김대명 (Kim Dae Myeung) - 가을 우체국 앞에서,https://www.youtube.com/watch?v=cCyJNklLauw
[MV] MeloMance(멜로망스) _ Go Back(고백),https://www.youtube.com/watch?v=IgPcbE--mMA
Siren Remix (Feat. UNEDUCATED KID; Paul Blanco) (사이렌 Remix (Feat. UNEDUCATED KID; Paul...,https://www.youtube.com/watch?v=Bbl3qPS9x4o
NCT 127 엔시티 127 'Sticker' MV,https://www.youtube.com/watch?v=1oYWnbTSang
브레이브걸스(Brave Girls) - 치맛바람 (Chi Mat Ba Ram) MV,https://www.youtube.com/watch?v=e70PkoJhQYM
JOY 조이 '안녕 (Hello)' MV,https://www.youtube.com/watch?v=lNvBbh5jDcA
[MV] Song I Han(송이한) _ I will be your shining star(밝게 빛나는 별이 되어 비춰줄게),https://www.youtube.com/watch?v=pgMcZSseBaE
STAYC(스테이씨) '색안경 (STEREOTYPE)' MV,https://www.youtube.com/watch?v=Xmxcnf2v_gs
[IU] '내 손을 잡아(Hold My Hand)' Live Clip (2019 IU Tour Concert 'Love; poem'),https://www.youtube.com/watch?v=3iM_06QeZi8
"TWICE(트와이스) ""Alcohol-Free"" M/V",https://www.youtube.com/watch?v=XA2YEHn-A8Q
백예린 (Yerin Baek) '산책' Lyric Video,https://www.youtube.com/watch?v=t9aZFgD0mic
Justin Bieber - Off My Face (Live from Paris),https://www.youtube.com/watch?v=ENjrJ_zyeUc
[MV] Brave Girls(브레이브걸스) _ We Ride(운전만해),https://www.youtube.com/watch?v=4HjcypoChfQ
[MV] KyoungSeo(경서) _ Shiny Star(밤하늘의 별을)(2020),https://www.youtube.com/watch?v=NuTNPV72rFo
BTS (방탄소년단) 'Savage Love' (Laxed – Siren Beat) [BTS Remix] Lyric Video,https://www.youtube.com/watch?v=qvu4nPMyl3U
BLACKPINK - 'Lovesick Girls' M/V,https://www.youtube.com/watch?v=dyRsYk0LyA8
이하이 (LeeHi) - '빨간 립스틱 (Red Lipstick) (Feat. 윤미래)' Official MV (ENG/CHN),https://www.youtube.com/watch?v=GLlP-CNlY9I
Butterfly,https://www.youtube.com/watch?v=EZ5LlVNsHj8
AKMU - '어떻게 이별까지 사랑하겠어; 널 사랑하는 거지(How can I love the heartbreak; you`re the one I love)' M/V,https://www.youtube.com/watch?v=m3DZsBw5bnE
MELODY,https://www.youtube.com/watch?v=m8L2OLu6JZo
SG워너비 (SG WANNABE) - Timeless MV,https://www.youtube.com/watch?v=0pLa8NyS4Es
[슬기로운 의사생활 OST Part 3] 조정석 (CHO JUNG SEOK) - 아로하 (Aloha) MV,https://www.youtube.com/watch?v=3DOkxQ3HDXE
[MV] Jung Dong Ha(정동하) _ I Still Love You(추억은 만남보다 이별에 남아),https://www.youtube.com/watch?v=khGHeUaJRjw
"LABOUM(라붐) 4th SINGLE ALBUM ""Fresh Adventure"" 상상더하기 Official M/V",https://www.youtube.com/watch?v=m0o7fbNKhpM
SEVENTEEN (세븐틴) 슬기로운 의사생활 시즌2 OST Part 8 '여전히 아름다운지' Official MV,https://www.youtube.com/watch?v=ck538udT0b8
임영웅 직캠LIVE [이제 나만 믿어요] 공약이행,https://www.youtube.com/watch?v=JhtdEZxILz4
BTS (방탄소년단) '작은 것들을 위한 시 (Boy With Luv) (feat. Halsey)' Official MV,https://www.youtube.com/watch?v=XsX3ATc3FbA
[MSG워너비] 정상동기- 나를 아는 사람 음악중심 데뷔 무대! (Hangout with Yoo - MSG WANNABE),https://www.youtube.com/watch?v=vG-eU_jbknQ
[MV] IU(아이유) _ Blueming(블루밍),https://www.youtube.com/watch?v=D1PvIWdJ8xo
폴킴 (Paul Kim) - 모든 날; 모든 순간 (Every Day; Every Moment) [가사 비디오],https://www.youtube.com/watch?v=1q_t6RNuH8c
잠이 오질 않네요 - 장범준,https://www.youtube.com/watch?v=JR-wv5fOJEY
Let′s forget it (Drama Ver.),https://www.youtube.com/watch?v=Yp_6H788zyY
산들 - 취기를 빌려 (취향저격 그녀 X 산들) Live Clip Full ver.,https://www.youtube.com/watch?v=dEIULaQgGiQ
[MV] IU(아이유) _ eight(에잇) (Prod.&Feat. SUGA of BTS),https://www.youtube.com/watch?v=TgOu00Mf3kI
Anne-Marie - 2002 [Official Video],https://www.youtube.com/watch?v=Il-an3K9pjg
Ah puh (어푸 (Ah puh)),https://www.youtube.com/watch?v=7n9D8ZeOQv0
[멜로가 체질 OST Part 3] 장범준 (Beom June Jang) - 흔들리는 꽃들 속에서 네 샴푸향이 느껴진거야 MV,https://www.youtube.com/watch?v=YBEUXfT7_48
BTS (방탄소년단) '봄날 (Spring Day)' Official MV,https://www.youtube.com/watch?v=xEeFrLSkMm8
[MV] Lee Yejoon(이예준) _ On That Day(그날에 나는 맘이 편했을까),https://www.youtube.com/watch?v=Jqbe1Wdlkt4
Standing EGG - 오래된 노래,https://www.youtube.com/watch?v=bW3XExLBf7A
창모 (CHANGMO) - METEOR [Official Music Video],https://www.youtube.com/watch?v=lOrU0MH0bMk
Epik High (에픽하이) - 비 오는 날 듣기 좋은 노래 (Rain Song) ft. Colde | Official MV,https://www.youtube.com/watch?v=0CS8qFgFHxU
오마이걸(OH MY GIRL)_Dolphin - Special Clip @따따따따? 물보라를 일으켜〰??,https://www.youtube.com/watch?v=oaRTMjLdiDw
Etham - 12:45 (Stripped / Lyric Video),https://www.youtube.com/watch?v=GhWnG7YhcEE
#안녕 - 너의 번호를 누르고 (Prod. 영화처럼) [가사],https://www.youtube.com/watch?v=4OWRJ8Hnkz4
마크툽 (MAKTUB) - 오늘도 빛나는 너에게(To You My Light)(Feat.이라온) Lyrics Video,https://www.youtube.com/watch?v=dmSUBdk4SY4
양요섭; 정은지 - LOVE DAY (2021) (바른연애 길잡이 X 양요섭; 정은지) 가로라이브 Full ver.,https://www.youtube.com/watch?v=Xxz4uZKbZYQ
[MV] 10CM _ Go Back(고백),https://www.youtube.com/watch?v=X3PFu82F_S8
BTS (방탄소년단) 'Life Goes On' Official MV,https://www.youtube.com/watch?v=-5q5mZbe3V8
[놀면 뭐하니? 후공개] MSG 워너비 TOP8  [상상더하기] 8K 직캠 (Hangout with Yoo - MSG Wannabe YooYaHo),https://www.youtube.com/watch?v=fwpaxjV5pPI
적재 - 나랑 같이 걸을래 (바른연애 길잡이 X 적재) 가로라이브 Full ver.,https://www.youtube.com/watch?v=Vn2vi9cz6Tg
NCT 127 엔시티 127 'Lemonade' Track Video #4,https://www.youtube.com/watch?v=MmUNXU77waQ
[MV] GyeongseoYeji(경서예지) _ Actually.. I miss you(사실 나는),https://www.youtube.com/watch?v=YJInKpVsBQA
[슬기로운 의사생활 시즌2 OST Part 6] 미도와 파라솔 (Mido and Falasol) - 슈퍼스타 (Superstar) MV,https://www.youtube.com/watch?v=URRimPZBHf8
Maroon 5 - Memories (Lyric Video),https://www.youtube.com/watch?v=OYrTO7slaAE
[ENG] [SMTM9] 'VVS' (Feat. JUSTHIS) (Prod. GroovyRoom) MV - 머쉬베놈; 미란이; 쿤디판다; 먼치맨 EP.6 201120,https://www.youtube.com/watch?v=mZInUHwmzN8
[MV] Car; the garden(카더가든) - Closely Far Away(가까운 듯 먼 그대여),https://www.youtube.com/watch?v=SB2lvmWKE7A
SG WANNA BE (SG워너비) - 라라라 (Ver.2) MV,https://www.youtube.com/watch?v=hPoRgIzXm5o
[MV] OVAN(오반) _ I Need You(어떻게 지내),https://www.youtube.com/watch?v=rVXeArOQIs4
[MV] JANG BEOM JUNE(장범준) _ Go Back(고백),https://www.youtube.com/watch?v=9oAbuzbpQg4
LISA - 'LALISA' M/V,https://www.youtube.com/watch?v=awkkyBH2zEo
[슬기로운 의사생활 시즌2 OST Part 9] 정경호 (Jung Kyung Ho) - 회상 (Reminiscence) MV,https://www.youtube.com/watch?v=ZxICkLNo_ok
[MV] IU(아이유)_Coin,https://www.youtube.com/watch?v=86BST8NIpNM
[MV] 오반(OVAN) _ 허리춤(I Am Yours),https://www.youtube.com/watch?v=90HvVK6fCUE
[MV] 마마무 (MAMAMOO) - 하늘 땅 바다만큼 (mumumumuch),https://www.youtube.com/watch?v=ajxfoVrXdKw
ROSÉ - 'On The Ground' M/V,https://www.youtube.com/watch?v=CKZvWhCqx1s
백예린 (Yerin Baek) '왜? 날' Lyric Video,https://www.youtube.com/watch?v=rDd1ZmMjwQs
백예린 (Yerin Baek) 'Antifreeze' Lyric Video,https://www.youtube.com/watch?v=74_yqNBhQbA
임영웅 [별빛 같은 나의 사랑아] MV,https://www.youtube.com/watch?v=oQW9lY1ZAJA
[MV] Noel(노을) _ Late Night(늦은 밤 너의 집 앞 골목길에서),https://www.youtube.com/watch?v=kFhf7pjRRjA
[ENG SUB] [놀면 뭐하니? 후공개] SG 워너비 - '내 사람' 풀영상 (Hangout with Yoo - MSG Wannabe YooYaHo),https://www.youtube.com/watch?v=waRLFDHPGew
[MV] OH MY GIRL(오마이걸) _ Nonstop(살짝 설렜어),https://www.youtube.com/watch?v=iDjQSdN_ig8
BLACKPINK - 'How You Like That' M/V,https://www.youtube.com/watch?v=ioNng23DkIM
